params,mean_test_score,std_test_score,rank_test_score
"{'max_depth': 3, 'max_features': 'log2', 'min_samples_split': 9, 'n_estimators': 87}",0.9663367569249923,0.03162306668752773,1
"{'max_depth': 10, 'max_features': 'sqrt', 'min_samples_split': 2, 'n_estimators': 99}",0.9663367569249923,0.03162306668752773,1
"{'max_depth': 3, 'max_features': 'log2', 'min_samples_split': 3, 'n_estimators': 58}",0.9663367569249923,0.03162306668752773,1
"{'max_depth': 3, 'max_features': 'sqrt', 'min_samples_split': 8, 'n_estimators': 70}",0.9663367569249923,0.03162306668752773,1
"{'max_depth': 3, 'max_features': 'log2', 'min_samples_split': 8, 'n_estimators': 90}",0.9663367569249923,0.03162306668752773,1
"{'max_depth': None, 'max_features': 'log2', 'min_samples_split': 2, 'n_estimators': 97}",0.9663367569249923,0.03162306668752773,1
"{'max_depth': 3, 'max_features': 'sqrt', 'min_samples_split': 3, 'n_estimators': 93}",0.9663367569249923,0.03162306668752773,1
"{'max_depth': None, 'max_features': 'sqrt', 'min_samples_split': 2, 'n_estimators': 101}",0.9663367569249923,0.03162306668752773,1
"{'max_depth': 3, 'max_features': 'sqrt', 'min_samples_split': 4, 'n_estimators': 108}",0.9663367569249923,0.03162306668752773,1
"{'max_depth': 3, 'max_features': 'sqrt', 'min_samples_split': 7, 'n_estimators': 73}",0.9663367569249923,0.03162306668752773,1
"{'max_depth': 3, 'max_features': 'log2', 'min_samples_split': 2, 'n_estimators': 97}",0.9663367569249923,0.03162306668752773,1
"{'max_depth': 3, 'max_features': 'sqrt', 'min_samples_split': 4, 'n_estimators': 97}",0.9663367569249923,0.03162306668752773,1
"{'max_depth': 3, 'max_features': 'sqrt', 'min_samples_split': 3, 'n_estimators': 181}",0.9579707438530969,0.02677171608964413,13
"{'max_depth': 5, 'max_features': 'sqrt', 'min_samples_split': 10, 'n_estimators': 98}",0.9579707438530969,0.02677171608964413,13
"{'max_depth': 10, 'max_features': 'sqrt', 'min_samples_split': 4, 'n_estimators': 157}",0.9579707438530969,0.02677171608964413,13
"{'max_depth': 10, 'max_features': 'log2', 'min_samples_split': 10, 'n_estimators': 180}",0.9579707438530969,0.02677171608964413,13
"{'max_depth': None, 'max_features': 'log2', 'min_samples_split': 3, 'n_estimators': 183}",0.9579707438530969,0.02677171608964413,13
"{'max_depth': None, 'max_features': 'sqrt', 'min_samples_split': 8, 'n_estimators': 57}",0.9579707438530969,0.02677171608964413,13
"{'max_depth': 5, 'max_features': 'sqrt', 'min_samples_split': 3, 'n_estimators': 133}",0.9579707438530969,0.02677171608964413,13
"{'max_depth': 5, 'max_features': 'log2', 'min_samples_split': 5, 'n_estimators': 103}",0.9579707438530969,0.02677171608964413,13
"{'max_depth': 3, 'max_features': 'log2', 'min_samples_split': 3, 'n_estimators': 160}",0.9579707438530969,0.02677171608964413,13
"{'max_depth': 3, 'max_features': 'log2', 'min_samples_split': 10, 'n_estimators': 173}",0.9579707438530969,0.02677171608964413,13
"{'max_depth': 5, 'max_features': 'log2', 'min_samples_split': 5, 'n_estimators': 63}",0.9579707438530969,0.02677171608964413,13
"{'max_depth': 10, 'max_features': 'log2', 'min_samples_split': 9, 'n_estimators': 89}",0.9579707438530969,0.02677171608964413,13
"{'max_depth': 10, 'max_features': 'sqrt', 'min_samples_split': 9, 'n_estimators': 178}",0.9579707438530969,0.02677171608964413,13
"{'max_depth': 3, 'max_features': 'sqrt', 'min_samples_split': 2, 'n_estimators': 138}",0.9579707438530969,0.02677171608964413,13
"{'max_depth': 10, 'max_features': 'sqrt', 'min_samples_split': 2, 'n_estimators': 185}",0.9579707438530969,0.02677171608964413,13
"{'max_depth': None, 'max_features': 'log2', 'min_samples_split': 9, 'n_estimators': 112}",0.9579707438530969,0.02677171608964413,13
"{'max_depth': 10, 'max_features': 'sqrt', 'min_samples_split': 2, 'n_estimators': 172}",0.9579707438530969,0.02677171608964413,13
"{'max_depth': 10, 'max_features': 'log2', 'min_samples_split': 9, 'n_estimators': 70}",0.9579707438530969,0.02677171608964413,13
"{'max_depth': 5, 'max_features': 'log2', 'min_samples_split': 6, 'n_estimators': 107}",0.9579707438530969,0.02677171608964413,13
"{'max_depth': None, 'max_features': 'log2', 'min_samples_split': 4, 'n_estimators': 199}",0.9579707438530969,0.02677171608964413,13
"{'max_depth': 10, 'max_features': 'log2', 'min_samples_split': 9, 'n_estimators': 84}",0.9579707438530969,0.02677171608964413,13
"{'max_depth': 10, 'max_features': 'sqrt', 'min_samples_split': 9, 'n_estimators': 86}",0.9579707438530969,0.02677171608964413,13
"{'max_depth': None, 'max_features': 'sqrt', 'min_samples_split': 10, 'n_estimators': 121}",0.9579707438530969,0.02677171608964413,13
"{'max_depth': 10, 'max_features': 'sqrt', 'min_samples_split': 10, 'n_estimators': 64}",0.9579707438530969,0.02677171608964413,13
"{'max_depth': 5, 'max_features': 'log2', 'min_samples_split': 4, 'n_estimators': 112}",0.9579707438530969,0.02677171608964413,13
"{'max_depth': 3, 'max_features': 'log2', 'min_samples_split': 5, 'n_estimators': 200}",0.9579707438530969,0.02677171608964413,13
"{'max_depth': 10, 'max_features': 'sqrt', 'min_samples_split': 5, 'n_estimators': 62}",0.9579707438530969,0.02677171608964413,13
"{'max_depth': 3, 'max_features': 'sqrt', 'min_samples_split': 6, 'n_estimators': 180}",0.9579707438530969,0.02677171608964413,13
"{'max_depth': None, 'max_features': 'sqrt', 'min_samples_split': 4, 'n_estimators': 135}",0.9579707438530969,0.02677171608964413,13
"{'max_depth': None, 'max_features': 'log2', 'min_samples_split': 10, 'n_estimators': 183}",0.9579707438530969,0.02677171608964413,13
"{'max_depth': 5, 'max_features': 'sqrt', 'min_samples_split': 8, 'n_estimators': 141}",0.9579707438530969,0.02677171608964413,13
"{'max_depth': None, 'max_features': 'log2', 'min_samples_split': 5, 'n_estimators': 79}",0.9579707438530969,0.02677171608964413,13
"{'max_depth': 3, 'max_features': 'sqrt', 'min_samples_split': 2, 'n_estimators': 178}",0.9579707438530969,0.02677171608964413,13
"{'max_depth': 3, 'max_features': 'sqrt', 'min_samples_split': 10, 'n_estimators': 165}",0.9579707438530969,0.02677171608964413,13
"{'max_depth': 3, 'max_features': 'sqrt', 'min_samples_split': 4, 'n_estimators': 152}",0.9579707438530969,0.02677171608964413,13
"{'max_depth': 3, 'max_features': 'sqrt', 'min_samples_split': 8, 'n_estimators': 191}",0.9579707438530969,0.02677171608964413,13
"{'max_depth': 5, 'max_features': 'log2', 'min_samples_split': 10, 'n_estimators': 111}",0.9579707438530969,0.02677171608964413,13
"{'max_depth': 5, 'max_features': 'log2', 'min_samples_split': 9, 'n_estimators': 162}",0.9579707438530969,0.02677171608964413,13
"{'max_depth': 5, 'max_features': 'sqrt', 'min_samples_split': 3, 'n_estimators': 180}",0.9579707438530969,0.02677171608964413,13
"{'max_depth': 5, 'max_features': 'sqrt', 'min_samples_split': 5, 'n_estimators': 61}",0.9579707438530969,0.02677171608964413,13
"{'max_depth': 10, 'max_features': 'sqrt', 'min_samples_split': 3, 'n_estimators': 179}",0.9579707438530969,0.02677171608964413,13
"{'max_depth': None, 'max_features': 'log2', 'min_samples_split': 8, 'n_estimators': 178}",0.9579707438530969,0.02677171608964413,13
"{'max_depth': 10, 'max_features': 'log2', 'min_samples_split': 3, 'n_estimators': 102}",0.9579707438530969,0.02677171608964413,13
"{'max_depth': 3, 'max_features': 'sqrt', 'min_samples_split': 2, 'n_estimators': 130}",0.9579707438530969,0.02677171608964413,13
"{'max_depth': None, 'max_features': 'log2', 'min_samples_split': 7, 'n_estimators': 117}",0.9579707438530969,0.02677171608964413,13
"{'max_depth': 10, 'max_features': 'sqrt', 'min_samples_split': 9, 'n_estimators': 172}",0.9579707438530969,0.02677171608964413,13
"{'max_depth': 3, 'max_features': 'log2', 'min_samples_split': 3, 'n_estimators': 188}",0.9579707438530969,0.02677171608964413,13
"{'max_depth': 10, 'max_features': 'log2', 'min_samples_split': 2, 'n_estimators': 173}",0.9579707438530969,0.02677171608964413,13
"{'max_depth': 10, 'max_features': 'log2', 'min_samples_split': 4, 'n_estimators': 197}",0.9579707438530969,0.02677171608964413,13
"{'max_depth': None, 'max_features': 'sqrt', 'min_samples_split': 5, 'n_estimators': 196}",0.9579707438530969,0.02677171608964413,13
"{'max_depth': 10, 'max_features': 'log2', 'min_samples_split': 6, 'n_estimators': 149}",0.9579707438530969,0.02677171608964413,13
"{'max_depth': 10, 'max_features': 'log2', 'min_samples_split': 4, 'n_estimators': 124}",0.9579707438530969,0.02677171608964413,13
"{'max_depth': None, 'max_features': 'sqrt', 'min_samples_split': 5, 'n_estimators': 177}",0.9579707438530969,0.02677171608964413,13
"{'max_depth': 5, 'max_features': 'sqrt', 'min_samples_split': 4, 'n_estimators': 197}",0.9579707438530969,0.02677171608964413,13
"{'max_depth': 10, 'max_features': 'log2', 'min_samples_split': 9, 'n_estimators': 178}",0.9579707438530969,0.02677171608964413,13
"{'max_depth': 10, 'max_features': 'log2', 'min_samples_split': 10, 'n_estimators': 200}",0.9579707438530969,0.02677171608964413,13
"{'max_depth': None, 'max_features': 'log2', 'min_samples_split': 10, 'n_estimators': 109}",0.9579707438530969,0.02677171608964413,13
"{'max_depth': 10, 'max_features': 'log2', 'min_samples_split': 4, 'n_estimators': 56}",0.9579707438530969,0.02677171608964413,13
"{'max_depth': 5, 'max_features': 'log2', 'min_samples_split': 6, 'n_estimators': 86}",0.9579707438530969,0.02677171608964413,13
"{'max_depth': None, 'max_features': 'sqrt', 'min_samples_split': 8, 'n_estimators': 58}",0.9579707438530969,0.02677171608964413,13
